{"cameraMode":{"drawMode":0,"name":"Shaded","section":"Shading Mode"},"sceneLighting":false,"audioPlay":false,"sceneViewState":{"showFog":true,"showMaterialUpdate":true,"showSkybox":true,"showFlares":true,"showImageEffects":true,"showParticleSystems":true},"in2DMode":false,"pivot":{"x":2.6336135864257814,"y":2.211091995239258,"z":-1.4719347953796387},"rotation":{"x":-0.07585404813289643,"y":0.8649205565452576,"z":-0.13763739168643952,"w":-0.4766705334186554},"size":10.0,"orthographic":false}