{"cameraMode":{"drawMode":0,"name":"Shaded","section":"Shading Mode"},"sceneLighting":false,"audioPlay":false,"sceneViewState":{"showFog":true,"showMaterialUpdate":true,"showSkybox":true,"showFlares":true,"showImageEffects":true,"showParticleSystems":true},"in2DMode":false,"pivot":{"x":-0.14056015014648438,"y":0.3608052730560303,"z":1.893050193786621},"rotation":{"x":-0.08698397129774094,"y":0.35688281059265139,"z":-0.03339716047048569,"w":-0.9294951558113098},"size":16.354835510253908,"orthographic":false}