{"cameraMode":{"drawMode":0,"name":"Shaded","section":"Shading Mode"},"sceneLighting":false,"audioPlay":false,"sceneViewState":{"showFog":true,"showMaterialUpdate":true,"showSkybox":true,"showFlares":true,"showImageEffects":true,"showParticleSystems":true},"in2DMode":false,"pivot":{"x":265.75384521484377,"y":426.7659912109375,"z":-35.436767578125},"rotation":{"x":0.0056492723524570469,"y":-0.11911839246749878,"z":-0.0006772323395125568,"w":-0.9928703904151917},"size":574.8523559570313,"orthographic":false}